{"Mean-Median": {"name": "Mean-Median", "initial_plan_score": 0.045911149522572525, "fraction_as_high": 0.00082, "p_value": 0.04049691346263317, "opposite_p_value": 1.4136336158991127}, "Mean-Thirdian": {"name": "Mean-Thirdian", "initial_plan_score": 0.14786534904195048, "fraction_as_high": 0.91778, "p_value": 1.35482840241855, "opposite_p_value": 0.4055120220166105}, "Efficiency Gap": {"name": "Efficiency Gap", "initial_plan_score": 0.2574948904727869, "fraction_as_high": 0.0053, "p_value": 0.10295630140987, "opposite_p_value": 1.4104609175726919}, "L1 Reciprocal Polsby-Popper": {"name": "L1 Reciprocal Polsby-Popper", "initial_plan_score": 64.50797267981702, "fraction_as_high": 0.99999, "p_value": 1.4142064912876056, "opposite_p_value": 0.00447213595499958}}